item,itemLabel,startDate,endDate,psid
Q18753676,Philip Parham,2014,2018-06,Q18753676-B553035A-B4AD-4D32-91C5-49D8267CAEC8
Q28115282,Edward Oakden,2006,2010,Q28115282-56C5BEA9-48CD-4050-BCDF-B7FBC5333AAB
Q5239114,David Roberts,1977,1981,Q5239114-C3BB96B1-1A0B-4428-8BE2-9FE353383088
Q5660086,Harold Berners Walker,1981,1986,Q5660086-6CFD273A-C2EC-4BAA-A408-1D5FAB210B14
Q56678412,Dominic Jermey,2010,2014,Q56678412-83650f35-4b3b-b191-227a-6b8deb98432c
Q56824349,James Treadwell,1971,1973,Q56824349-F4BE09C1-1905-40BB-81A3-A11A33FDF711
Q57396275,Graham Burton,1990,1994,Q57396275-C6B49C15-7CD7-4351-8CE0-1C04BB6ABDF3
Q57832808,Richard Makepeace,2003,2006,Q57832808-22207E3B-5860-4E8E-A3E4-1E0BE10D4259
Q57834104,Anthony Harris,1994,1998,Q57834104-EDDC034B-82F0-4953-A133-0D825D0D5DF4
Q57891745,Donal Mccarthy,1973,1977,Q57891745-D9CB9107-B976-4828-AB97-399207B5EB25
Q57892074,Patrick Nixon,1998,2003,Q57892074-A723315A-A7F0-471F-87BD-0CDB549F1AB6
Q57894249,Michael Tait,1986,1990,Q57894249-08D9F34D-EF36-42C8-B84A-E31D9608CF82
Q59252476,Patrick Moody,2018-07-01,,Q59252476-0d773042-4a45-5721-f214-e3bbff1df550
