item,itemLabel,startDate,endDate
Q3183438,Jonathan Powell,1997-05-02,2007-06-27
Q7817491,Tom Scholar,2007-06-27,2008-01-23
Q2344609,Stephen Carter,2008-01-23,2008-10-10
Q6181472,Jeremy Heywood,2008-10-10,2010-05-11
Q5344177,Edward Llewellyn,2010-05-11,2016-07-13
Q25999601,Fiona Hill,2016-07-14,2017-06-09
Q25999600,Nick Timothy,2016-07-14,2017-06-09
Q260651,Gavin Barwell,2017-06-10,2019-07-24
Q65930945,The Lord Udny-Lister,2020-11-13,2021-01-01
Q102354401,Dan Rosenfield,2021-01-01,2022-02-05
Q260546,Steve Barclay MP,2022-02-05,2022-07-05
